,PACF
0,1.0
1,0.9982769727684381
2,0.03182800145557258
3,0.01864144377802067
4,-0.018844046847002832
5,0.004657115713268025
6,0.021938497264103143
7,0.004889696478251214
8,0.006169958333222625
9,-0.009118669300678048
10,0.008019948123484798
11,-0.011925997975370055
12,0.009302792627775535
13,-0.030653700328883954
14,-0.001843460324009507
15,0.014075602343472157
16,0.03705468644675912
17,-0.021522220245019714
18,0.011116704477931456
19,0.02382682453210104
20,0.010722436323795345
21,-0.01406998028297291
22,0.015583824522273556
23,-0.004436854314706143
24,-0.0015910228693270332
25,-0.008187643350634394
26,0.01538006752169926
27,0.007997062199057749
28,-0.010617862398805631
29,0.016059186838361196
30,-0.010215090973217936
31,0.00153547219942844
32,-0.0014753596102374397
33,0.011711569495532332
34,0.01168367821164006
35,0.024768761099182753
36,0.014782721442721322
37,0.006077021447906108
38,0.002648723888600714
39,0.024924662883872996
40,-0.006601154079778607
41,-0.004043021502757506
42,-0.016897356897960555
43,0.005198503429775195
44,0.02154938767547307
45,-0.0032451959389355684
46,-0.005278112466707702
47,0.005162936677250778
48,-0.018490734559344628
49,0.015102474613159155
50,0.017691041494258024
51,0.00881531115594999
52,0.009808550067211999
53,0.00890664154777274
54,-0.015917260901289
55,0.006632521309252658
56,-0.009219368368676888
57,0.01017290867672395
58,-0.027870959656915887
59,-0.007164652204001204
60,0.01390651309460382
61,-0.006810595456123245
62,0.006008040292414611
63,-0.009856618256720667
64,0.0035265728203486895
65,0.01477037841506639
66,-0.004903431912080475
67,0.010313175603497718
68,0.00929211256647514
69,-0.009854588788728498
70,-0.018707621170740495
71,0.007394127208858731
72,0.0026865439600937155
73,0.018597795016990364
74,-0.018338162333363352
75,-0.008818934895529923
76,0.01318427485956798
77,-0.005862050140625154
78,-0.04065881072992803
79,0.01794644047563758
80,-0.017141332022397173
81,-0.01827156856281662
82,-0.00906777507255275
83,-0.0034467044432897227
84,-0.0003679424332712961
85,-0.00837360348923296
86,-0.004804735091218417
87,0.007313099211214136
88,-0.0020965235360297404
89,0.0008819080522566235
90,0.012562741535151706
91,-0.006655725121748544
92,-0.0013971876883449722
93,8.668981645979556e-05
94,0.0011966251368172149
95,-0.009235453476843472
96,0.009306843166367469
97,-0.022598440597925616
98,-0.00564672832194802
99,-0.0161912131313401
100,0.014615106144720015
101,-0.009497637123624053
102,-0.0013100442759576203
103,-0.013076418691121715
104,0.009537946115673783
105,0.004339393255596849
106,0.0026827033819950986
107,-0.021235847768535827
108,-0.01393014457610713
109,0.003056505058356191
110,-0.007375292721325447
111,-0.004507838651078703
112,-0.004514874378325013
113,0.0023401632382321724
114,-0.015257398678301145
115,-0.01890688484388377
116,0.011709049314585489
117,-0.007208471752947149
118,-0.007520039067865009
119,-0.009671570365741346
120,-0.001745121904183579
121,-0.002759949151468527
122,0.019326354501957237
123,0.01029682869101301
124,0.009068483150794464
125,0.007504241000174035
126,0.002675788766313008
127,-0.0005389905050048212
128,0.0027162202709363654
129,0.011885739532749193
130,0.015392246450525117
131,0.008348974843710104
132,-0.009283581773550455
133,-0.021580077105903258
134,0.022435922347541656
135,-0.0013041788876359775
136,-0.005358937519578191
137,-0.007428442505103568
138,0.005693494951342333
139,0.008372063294752749
140,0.004960299723547333
141,-0.0022729520201736266
142,-0.005513025989139827
143,-0.0015909730150349302
144,0.005234855795249135
145,0.011568891106086342
146,0.006801413770433441
147,0.01236723547163985
148,-0.004247112654296588
149,0.004874041066168324
150,-0.008204054981849316
151,-0.009822137244905937
152,-0.001460426741097032
153,0.010315417709157738
154,0.00484973364120467
155,0.010157747735946793
156,-0.0006989098686169103
157,-0.002378767988208941
158,-0.008271402058472642
159,0.003421898824213496
160,-0.015074418641912926
161,0.0027650817381439014
162,-0.017018702681343978
163,0.007195551557564406
164,-0.005000896969186924
165,0.011446976698099352
166,-0.006315746083846898
167,0.008899066845042951
168,-0.0003708584486896235
169,-0.008435291980306306
170,0.00320774066897302
171,0.013706741417889622
172,-0.014494055338879333
173,-0.006845946518184244
174,0.0002741340820024034
175,-0.007410649445030501
176,-0.01702286099570088
177,-0.007693118322088853
178,-0.01016996767450604
179,0.005666244891344017
180,0.007976176322131528
181,-0.005011464307206492
182,0.004592841570985243
183,-0.007591315327970956
184,0.0012822445013918628
185,-4.757867584139863e-06
186,0.003190266833179817
187,0.012296399105931161
188,-0.01839464487824866
189,0.006888175536757025
190,0.004246875842940467
191,0.0052401066178641145
192,-0.004589721732421006
193,-0.002516577675823992
194,0.0049837094450355095
195,0.00472259401963451
196,-0.011428081808721662
197,0.0031872363684734713
198,0.001682842421081783
199,-0.01213853461326977
200,0.012226239987391198
201,0.00791133189355801
202,0.013884350219618686
203,-0.0020201158036348287
204,0.007451107729325494
205,-0.007719838401945545
206,0.005404163125451154
207,-0.019416788771343327
208,0.010932239779010814
209,-0.007634227302315773
210,0.011333386533436362
211,0.008171549988396051
212,-0.0016597094396603887
213,0.0011150522134955997
214,0.02212592245298243
215,-0.0037277236947793006
216,-0.006241355048075447
217,0.026900768942007575
218,-0.0008830893882240694
219,-0.018415264017172403
220,0.028186713074950562
221,-0.01505854457268785
222,-0.006058018691479002
223,0.021808081552477484
224,0.010552772176507278
225,0.027939624964988582
226,-0.0031890629715247685
227,-0.008381063496996386
228,0.0031918405814248827
229,0.007951583012091938
230,-0.017985774847109844
231,-0.01108648374624112
232,0.016843290195657765
233,-0.0030787363670916413
234,-0.017517087744418493
235,0.018735939460753696
236,0.013873684184260502
237,-0.012970415462685547
238,0.029848631662031434
239,-0.014895437431040819
240,0.007280546263231317
241,0.007317379229588387
242,-0.016156840894390612
243,0.009334032119461346
244,-0.032162649789046226
245,0.008510367007526814
246,-0.010917625014916091
247,-0.017479858764124
248,0.003935314796375919
249,-0.0017694152467140636
250,-0.017935601824300058
251,-0.032772556573320934
252,0.00838586367210197
253,-0.007463673553617484
254,-0.019254112776578056
255,-0.0005668688775980729
256,0.017615459723596582
257,-0.008964025324052858
258,-0.0038356375781413363
259,-0.006031816396884835
260,0.021038940653672757
261,0.006157034719244757
262,-0.020619409794410414
263,-0.015247697248125535
264,0.01206313136095835
265,0.0019000753054898617
266,0.010004296173531666
267,-0.018697799791506972
268,-0.006182995178355811
269,-0.004177227776311866
270,-0.009191384291401738
271,-0.016159722032917274
272,0.03128050893795045
273,-0.01921763113552683
274,0.005008363778088606
275,-0.004243143500200049
276,-0.0011188892353581228
277,0.001523354911503259
278,-0.004594643577841797
279,-0.0006244974018147965
280,-0.009334361523345125
281,0.005110660431995945
282,-0.011836830414151556
283,0.01714970777301863
284,-0.0052841633997614944
285,0.012973053220491762
286,0.0035774425272666202
287,-0.025068013603396534
288,-0.024862212705334386
289,0.011226051005241534
290,-0.023408284975554992
291,0.003672659596268769
292,0.0018699060752006553
293,-0.01157965363696117
294,0.008830012804018572
295,0.015970460804871002
296,-0.0008830043149575658
297,-0.0030176365071535975
298,0.02092284588549519
299,0.008542325335884017
300,-0.016967602413774208
301,0.005462441516950404
302,0.011122486309093594
303,-0.0036769608798676427
304,-0.009396829668276058
305,-0.007995082498716766
306,0.001606971605129527
307,0.0230300755230099
308,0.0006692575412176135
309,-0.009525889423948658
310,0.008011518093586134
311,0.003040470731003953
312,0.0029173455209746727
313,0.012032867497328074
314,0.0005677107128275331
315,0.011484216063452114
316,0.0184461871073661
317,-0.014003914463975062
318,0.00503082308659748
319,0.0041522345164036216
320,-0.027269746394409624
321,0.011420903458018342
322,-0.0177297059500918
323,0.0001939770856401388
324,-0.009907182190486023
325,0.005742280653682194
326,-0.013847707578142772
327,-0.00628351234413299
328,0.0029532228752502505
329,0.017378611227697672
330,0.007685350114458055
331,0.017118958737659878
332,0.005608950300605613
333,-0.02430393462253534
334,0.025813419839613407
335,-0.012970993134235989
336,0.007020663518178111
337,0.001568217127196981
338,-0.028250643054119076
339,-0.008145310587722736
340,-0.0029267833968655904
341,0.0007739502437362301
342,0.04832941706422944
343,-0.006372369794469279
344,-0.03441324407201652
345,-0.03162725299100199
346,-0.016754428512892192
347,0.00517159975039295
348,-0.008547528461089996
349,0.002106901802619312
350,0.015334827618318546
351,0.007135071911606583
352,0.0016060650642327936
353,0.004701140218184203
354,0.007649751969755249
355,-0.005960781317507707
356,-0.008955646257506318
357,-0.003961815483748789
358,-0.0009050987361697147
359,-0.0016080147981176842
360,-0.004059334381013454
361,0.007790648117981546
362,0.01088729849194394
363,0.012551897404533536
364,-0.004635286906444557
365,-0.004551581489253085
366,-0.006651637778184314
367,-0.004783318993634275
368,-0.010511776088872852
369,-0.000814142705666723
370,-0.0036023571037150206
371,0.0020525926454149114
372,-0.010290243821112313
373,-0.007514090386968203
374,0.01909973109637139
375,0.017880449384656764
376,0.013942839895737677
377,-0.020524536641270224
378,0.004028083842890992
379,-0.015541188266001474
380,-0.0006522470078536586
381,0.0017010916947793283
382,0.004146474946178593
383,-0.028205020084608415
384,0.0006889015018831901
385,-0.009129330611245065
386,-0.02121467850353426
387,-0.005982724860654107
388,0.012348667506351626
389,-0.004481830191484006
390,0.009807430166624774
391,-0.001673372555533458
392,-0.001629818774757141
393,-0.00035781820066009014
394,-0.02773953039279333
395,0.002963729524986133
396,0.015591121479880942
397,-0.009098581161959945
398,-0.0197776347005935
399,0.004489316035644433
400,-0.017712923293326976
401,0.011812124553864115
402,-0.0037083625564338957
403,0.01611856220909413
404,-0.021441044831132492
405,-0.006184986527692349
406,0.01583611780230743
407,-0.02205968492141167
408,-0.011293881047268245
409,-0.012862428308585666
410,-0.00612543288749586
411,-0.0016339983787952278
412,0.00973759563461502
413,-0.013058611804310399
414,0.015947092393503594
415,-0.004684730060809945
416,0.003623737154080324
417,-0.009826806595808348
418,0.003478048715494253
419,-0.0065609829848308834
420,-0.007083366390312111
421,-0.019519726540487236
422,0.0077713357114716376
423,0.014467825375992543
424,-0.000458166012264741
425,0.00543501933231331
426,0.01423100041614146
427,-0.011650531449276507
428,0.0058614562658625795
429,0.0034329031400583835
430,0.0043200077738945065
431,-0.00315021711003818
432,0.010834835141969987
433,-0.01740576280224371
434,-0.004800929215129079
435,0.015392441858531421
436,-0.0034318473987903684
437,0.0014652569177872833
438,0.006842465488775787
439,0.00762634478458311
440,0.007727199632371246
441,-6.347324122885921e-05
442,0.011629324576098336
443,0.0024937510953346805
444,0.0030985362298196067
445,0.003642119782593835
446,0.010193852673248568
447,0.010441586549079984
448,-0.005344537478777256
449,-0.010627574801851497
450,-0.017125941874116056
451,-0.004998910987512471
452,0.007633279724046108
453,-0.006399269075687694
454,0.011010478050048492
455,0.0032631753622149127
456,0.016047950719246352
457,-0.0010172941662394649
458,0.024755519663147266
459,-0.002964310612844673
460,-0.010186959279318489
461,0.01210657217233098
462,-0.010181110276817998
463,-0.004704207363139308
464,-0.011891899702091832
465,-0.0036820266584191258
466,0.004700923758781556
467,-0.009336512080100846
468,-0.0017507214835864762
469,0.0001345727018987884
470,0.003096062698662225
471,-0.0035702979735631295
472,0.013052849241218405
473,-0.016567321664790555
474,-0.003373573945478336
475,-0.0028873549465452493
476,0.0019510032845993887
477,0.01138023557545191
478,-0.006125882919657161
479,0.01292904853730173
480,-0.009496558513593463
481,-0.005138067834150463
482,0.006938530114910032
483,-0.0025276107080989155
484,0.018220933878390588
485,0.006704447024485118
486,-0.01646225282631411
487,0.01427526983559826
488,-0.006872335581090936
489,-0.016202931205975855
490,-0.006754804345382273
491,-0.01923441347171453
492,0.01644384623497656
493,0.005357861852044275
494,0.00522777762623221
495,0.010214816278106676
496,-0.005136255093030252
497,-0.02529000611265243
498,0.0016071660659595266
499,-0.00486683510031167
500,-0.0060874584620472585
501,0.02612826016701459
502,0.012880077676857995
503,-0.0036756746227420943
504,-0.005876688390907628
505,-0.00574839759410314
506,-0.007995229431586147
507,-0.007061031077901637
508,-0.010156060499140671
509,-0.008776469899804924
510,-0.0019034637971194605
511,-0.001138239844976112
512,0.0020071854923358508
513,0.00550552038168716
514,0.02573740046845582
515,0.023511696191744993
516,-0.006883015071478832
517,-0.013611926098703644
518,-0.0046927997715664445
519,0.013459314969777859
520,-0.003950381632531034
521,-0.02606466769420042
522,-0.010564632088514757
523,0.010651969384878906
524,-0.008349250779083597
525,0.0004071816945101525
526,0.007027620424450136
527,0.003796410877466117
528,-0.0014227840093065918
529,0.013073701653475026
530,0.0014040095233257268
531,0.008247327715782038
532,-0.015702001647984586
533,0.010336047910760584
534,0.001464566202108774
535,0.005744416353648927
536,-0.004199402627427826
537,-0.005127465828273593
538,-0.006796623841385146
539,-0.01692041458478362
540,0.006068451215197
541,0.01644627650137685
542,0.003326124998296693
543,0.007142001462188898
544,0.02010850561689612
545,0.004659959409285399
546,-0.0027545286631394912
547,0.008519989729218138
548,0.009874570557175251
549,-0.011645590906707215
550,0.015701201751921835
551,0.010292998693333473
552,0.006183520040230706
553,0.013125316943049145
554,-0.018018852665152452
555,0.009129472738439077
556,0.004585158238211269
557,0.023445220619108732
558,0.004676060091898631
559,-0.007466476844626021
560,-0.010420937384373241
561,-0.026832920200956262
562,0.007920925414987644
563,-0.006317485199159243
564,0.0033517317615004514
565,-0.0020407546990342668
566,-0.0011524373560770258
567,-0.004299600687522723
568,-0.008925667946610441
569,-0.021330913069610644
570,-0.0018731932220431634
571,0.004606409561035334
572,0.0054609377623119305
573,-0.005205174699785418
574,0.018450510187075813
575,-0.014582264618716296
576,0.010881621168601698
577,-0.00952212953381991
578,0.011661783573011958
579,0.008867145796407636
580,0.0009044840441476162
581,0.011588972734163948
582,-0.0034609744569479386
583,-0.01604718201676447
584,0.006192136193401937
585,-0.009541494872770336
586,0.016733784682318294
587,-0.007900507255578292
588,-0.006159648716864024
589,0.006632383982941258
590,-0.0036770581942781274
591,0.009094112235423168
592,-0.0020345791357199907
593,-0.01000454594613327
594,-0.002588007568728015
595,0.01607646785757918
596,-0.00563393424385811
597,-0.001057551096121541
598,-0.00434969530069049
599,0.003108701929462681
600,0.017411542836517652
601,-0.004895960558592418
602,-0.017422688730600603
603,-0.006124715622746098
604,-0.00870794613731043
605,-0.0026856837092185033
606,0.02745234241774416
607,0.0019950034245635887
608,0.006230827293247546
609,-0.019824233330836983
610,-0.003133623334387993
611,-0.0023357194537057904
612,-0.015913985569676357
613,-0.0005113756030944896
614,-0.008611889629311408
615,0.001948883801542034
616,-0.008568013178476398
617,-0.008844618172318542
618,0.0059646008869499905
619,-0.007700879849481018
620,-0.008190794321487517
621,-0.011881319818729636
622,0.0053953284884447165
623,-0.0014314353748898284
624,-0.007287747022578356
625,0.004428760370950653
626,0.002167592662333176
627,0.0008237294794161079
628,-0.002575176677296145
629,-0.015585571667105134
630,0.00765539870689454
631,-0.0037611574900721628
632,-0.0029381395638040744
633,-0.002459341563283722
634,0.006329817002273988
635,-0.0035910185869266003
636,-0.00011633526630610862
637,-0.011100986691828952
638,-0.009041329420800711
639,0.007690502867802386
640,0.012862833986572134
641,-0.006447260404904861
642,0.013736180974932432
643,0.010715034045854954
644,-0.009033177653887387
645,-0.0021926991223861106
646,-0.0022452827176896247
647,-0.007156427703144858
648,0.004073778484403947
649,0.005704398472269852
650,-0.004827646199636441
651,-0.0016357188125964695
652,-0.0072006669007960685
653,0.0012364333955427792
654,-0.010696317924556699
655,0.003884314224805713
656,0.010450806853509052
657,-0.011115864206979168
658,-0.007676440865102729
659,0.018352080809546097
660,-0.008746328428642246
661,0.0029659251996987175
662,-0.008832374567867389
663,0.007003053423250666
664,0.004633944312200183
665,-0.0041543188313664286
666,-0.00512010121650394
667,-0.007893196899560199
668,0.0008613213155142266
669,-0.007258529859325039
670,0.019753118105381766
671,0.0039080902926376315
672,-0.005086961054069901
673,-0.0006270488270685115
674,-0.011315066399763218
675,-0.0011737166580815157
676,0.004083437318664529
677,0.005045360382825967
678,0.01388717543379376
679,-0.009203999398430043
680,0.0032646058460681702
681,0.007066017214684469
682,0.010065128944345822
683,0.004537117337076609
684,-0.015168275226246069
685,-0.0011961489632507476
686,-0.0030125614888618555
687,0.013562209427883689
688,-0.01143458382849136
689,-0.011802719072909057
690,0.00544191447689801
691,0.003809356417903141
692,-0.011641179964484192
693,0.0035874209806495763
694,-0.005512967908030515
695,0.0054910948476581895
696,-0.007429021845519283
697,0.0030390074604996074
698,0.0041958044629197035
699,-0.0082883675324755
700,-0.006891542945638964
701,-0.007352755596931981
702,0.007004723641383798
703,-0.006138219915500132
704,0.01191881730862947
705,0.0031148885726358616
706,-0.0017299463643388384
707,-0.009719485011990518
708,-0.00302072253361022
709,-0.015074044411421026
710,-0.016868154552179184
711,-0.00841652809656815
712,-0.009213498369181547
713,-0.014401540360706873
714,0.011746630477170112
715,-0.008975811564982583
716,0.019162383625199713
717,-0.010201776489190831
718,-3.8040055732518937e-05
719,0.01341563600119934
720,0.01174001739051654
721,-0.01100399110397716
722,-0.007354894575179497
723,-0.0076109633742516
724,0.018563627953202686
725,-0.011418459830894146
726,0.0016547430624012933
727,-0.0036284561049443045
728,-0.0008891241668860528
729,0.011261122641334857
730,0.01729179344298801
731,0.004812818478821635
732,0.006721703328900972
733,0.002630888486275453
734,0.002800841597329022
735,-0.016603188413875977
736,0.0008110425670008578
737,-0.01671367212280782
738,0.005207472041440717
739,-0.0036553179152965963
740,0.0026818181382688077
741,0.007734599099899793
742,-0.008910057714683875
743,-0.011531930179141841
744,-0.011154463585451059
745,-0.008990903204451376
746,0.013320559758218106
747,-0.0021306773148536957
748,0.007179442668501985
749,0.011717129221859265
750,-0.0038516470119710298
751,-0.005226662448741011
752,0.002704495393345302
753,-0.014917341665337569
754,-0.004108644219863813
755,-0.010247092962726481
756,0.011130224179025776
757,-0.015070619865735869
758,0.005005737933646068
759,4.247169478144627e-05
760,-0.011679026185252976
761,0.00806218585517696
762,0.00588278098562186
763,0.005570405503339954
764,0.009675514461704345
765,0.011720165217371126
766,0.03816565593417253
767,-0.004068258169934113
768,-0.011012382120963032
769,0.011257465120228658
770,-0.016299892692625436
771,0.013179253275050826
772,-0.003454621660715276
773,-0.017941551801865033
774,0.007926234669831838
775,-0.003088476351940029
776,-0.011234493846974078
777,-0.006920624129214769
778,-0.008486127954372365
779,0.0065644595887072495
780,-0.008091587889873441
781,-0.007752087367505338
782,0.008569022904349079
783,0.008299713530961312
784,-0.00327780543807778
785,-0.008923306020276132
786,-0.008334890198264751
787,-0.0002189639971348501
788,0.0117188479339375
789,0.010280400275794294
790,-0.013861117565030823
791,0.005564249621945641
792,0.0006027966359071115
793,0.005225541007576209
794,-0.005415616846121105
795,-0.0013658183848902143
796,0.009773663312615661
797,-0.007865397649864582
798,0.004328737987301988
799,0.010604645696897235
800,-0.013616671597082198
801,0.0039533091480820435
802,0.0022407308756136773
803,-0.010925456256460554
804,-0.005032251926516023
805,-0.010123935478767422
806,0.00239544833952258
807,0.0019465298535907625
808,0.004004838847798731
809,0.012216807765447707
810,0.010284738954334845
811,-0.005486470890288476
812,-0.0003705253909868137
813,-0.006280245324525649
814,0.011309072017987821
815,0.020139092941976036
816,-0.007408597323604607
817,-0.005189921069592384
818,0.00409106145951617
819,-0.010682959847582826
820,0.0009398825126629767
821,0.008436831627304898
822,-0.02645632566913753
823,-0.008292515374882894
824,-0.004408111818819336
825,0.0003860823020925629
826,-0.0009130129681884701
827,-0.005677400808976241
828,-0.009134581148915159
829,-0.0029776408796969747
830,0.0026991757522959376
831,-0.002102082872480951
832,0.017246886437263843
833,0.006347319171874889
834,-0.006253525210573358
835,0.016990095311536876
836,-0.006448643650140659
837,0.007652375361060833
838,-0.009230909072664344
839,-0.00628366172193634
840,0.0021283805188894887
841,0.013971738995017953
842,-0.002717488419184553
843,-0.004473946123842531
844,0.00030913111131082935
845,-0.0011174367401198227
846,-0.0196182432846232
847,0.013810861122503603
848,-0.004721585944507527
849,-0.002947676181090713
850,0.006025383562433903
851,-0.020418722141767674
852,0.004759069292117641
853,-0.017486021561834934
854,-0.009630608343189151
855,0.010294064234255055
856,0.0025947977717820673
857,-0.0002894467746870001
858,-0.009330431735001095
859,-0.008967451381646736
860,-0.010838967366681499
861,0.009063495538765206
862,-0.009592224831849077
863,0.009480234288941396
864,0.006544238023403954
865,0.01464871917807913
866,-0.009075507244291911
867,0.002126641265756278
868,0.009396427906873117
869,0.0012872180360857756
870,-0.0030057320803985998
871,-0.01101002406267635
872,-0.0005891140780863429
873,0.014671147479373097
874,-0.005408701991101793
875,-0.006082496672483158
876,0.0019931806162441393
877,0.0016154243346284437
878,0.007327484211965535
879,-0.0019018878824065362
880,0.005383986140702831
881,-0.0027564682879170355
882,0.006666434107046143
883,0.007201492699995587
884,-0.005906738383638551
885,0.013859928086410908
886,-0.002015278662493703
887,0.0034623419012425613
888,0.009226979848802675
889,-0.0034651832996357686
890,0.0012270733410321476
891,-0.016358868881508302
892,-0.010735173654783114
893,-0.022431677873052905
894,0.007902236364506874
895,0.0053590623995863765
896,0.007938466044198704
897,-0.002296150233109167
898,-0.02141983459288148
899,-0.008548650546808681
900,-0.009062897016344256
901,0.005361722994008507
902,0.00935660617401046
903,-0.016461464027088896
904,-0.009534815799569798
905,-0.0028577087319966153
906,-0.012278716405617491
907,0.00025950669950912955
908,-0.014251715972430662
909,-0.007935142013981938
910,0.005909180313815309
911,-0.005377224655821942
912,0.015490657852642262
913,-0.00048091665932445356
914,0.00019850274030413945
915,0.008306098818016692
916,-0.009108155985029847
917,0.008919595862385011
918,0.011971867517394196
919,0.0012560050209770848
920,0.0034332466832127043
921,-0.008846519431699434
922,0.008039013290360579
923,-0.01274171096325485
924,-0.006266312107839766
925,0.0008743672941561033
926,0.0033182858155124217
927,-0.011584134073080092
928,0.0008640594881021001
929,0.0007183221062546934
930,0.013017165489499351
931,-0.009922061748569005
932,-0.005057566594849163
933,-0.002527622455030949
934,0.0035189578789914023
935,0.0006473335945534507
936,-0.005993708933211097
937,-0.014228026853254725
938,7.040037127629106e-05
939,0.0019537714685698426
940,-0.00689272242915979
941,-0.005862444656434047
942,-0.002062603941699147
943,-0.012955183821915435
944,0.001843106484605997
945,-0.011304838312351151
946,0.00039112929428258044
947,-0.0037768053468041976
948,0.009577670198383488
949,0.009387454846114385
950,-0.0071863826315430625
951,-0.0055577750142554476
952,0.011897119947863443
953,0.0003317155760780746
954,0.008874607273372906
955,-0.0026713795974753754
956,0.0006720339206548183
957,-0.014879379696089356
958,-0.010348734685232279
959,0.01130572675844714
960,0.00035390582313943856
961,0.010004662799513713
962,0.003934035106119274
963,0.009099763724454828
964,-0.004533525446742331
965,0.00314517481728357
966,0.0031950597840966076
967,0.003593895550854764
968,-0.0016081602196440932
969,-0.0003678436615390745
970,0.016676887169023023
971,0.004586744979071261
972,0.011499328421215762
973,-0.02190736422890819
974,0.00562160246601702
975,0.0010686917205922585
976,-0.002878941443346479
977,-0.009635119375609342
978,-0.008562564017316922
979,0.007552399658055291
980,-0.004022247378521655
981,0.00901901756753311
982,3.838362984766887e-05
983,0.004274124472439887
984,0.008797844337272747
985,0.004852898025435399
986,0.007723242134325364
987,-0.016095765864366347
988,0.012285394861489662
989,0.008685243539775234
990,-0.008189640751952838
991,0.01758289326514749
992,0.00814673779369991
993,0.01406512143016158
994,0.0005475577724840551
995,0.016119236561817872
996,-0.0013842528698164297
997,0.004336881005173737
998,-0.0025509831813124027
999,-0.016969840083639526
1000,0.004507882794283622
1001,0.008529033062561196
1002,0.0012040330695689107
1003,0.009637643150782662
1004,-0.001479370194939208
1005,-0.0055479272751876585
1006,-0.0001490980679053614
1007,-0.025075089240144798
1008,0.0065278423308309545
1009,0.010045220098946562
1010,-0.0010400473046564113
1011,0.0030894246829184426
1012,0.005307759724263342
1013,0.004453994512161151
1014,-0.011457181807049037
1015,-0.005969033209716547
1016,-0.003574487872701952
1017,-0.000747905822243067
1018,-0.004308449245709528
1019,0.00786972518328759
1020,0.0005879314859702294
1021,-0.010218074638186816
1022,-0.005810843497031276
1023,0.01469505867308252
1024,-0.013280265176064603
1025,0.011708352987594609
1026,0.01090229656925166
1027,0.0028856377528259907
1028,0.01112682013568293
1029,-0.005418303465081954
1030,0.0044781850927902295
1031,0.013106172481353777
1032,0.011178385976423913
1033,-0.015945989380570017
1034,-0.013383716096932348
1035,0.005550232375777617
1036,-0.004139424209203602
1037,-0.008802957776758233
1038,0.02031000095043185
1039,0.005339467424308709
1040,7.557113445651325e-05
1041,-0.016295954795717608
1042,-0.008291431419663674
1043,0.002227405631404273
1044,-0.007212163903696836
1045,-0.005588388551198573
1046,-0.021495770241084754
1047,0.007382319597583571
1048,0.006882165750212797
1049,-0.018818211392235048
1050,5.679428158939314e-06
1051,-0.009496667276190354
1052,0.008245480029533602
1053,-0.0020330323932743638
1054,-0.0017483209573656876
1055,-0.00327463275046083
1056,0.019609304754688882
1057,-0.011574809720349417
1058,0.003690457399060793
1059,-0.00939504033385751
1060,0.013464492985432858
1061,0.0031397983968324784
1062,-0.013219310043588875
1063,-0.0038597890935778015
1064,0.00043180423695497446
1065,-0.005002229089242207
1066,0.007244683163086731
1067,0.018987438418845006
1068,0.0027255750684098087
1069,-0.00974795006638631
1070,-0.0009380868241287585
1071,-0.00460021204548044
1072,-0.005141466747057115
1073,0.004516678362716201
1074,-0.0024697922431819183
1075,-0.007040956902340124
1076,-0.007812602302630102
1077,0.0007680169273031361
1078,0.0019967317071521813
1079,0.0022883840181228687
1080,0.004082408228719066
1081,0.00046668550396905404
1082,-0.013858869438478654
1083,0.008942385510148209
1084,-0.006937985942856828
1085,0.008312198305938153
1086,-0.0066975044183151785
1087,0.004008783660055485
1088,0.0202222015414645
1089,0.01081121496776072
1090,-0.009965182605502124
1091,-0.0010282039826041136
1092,-0.004229683237467718
1093,-0.008052391444525745
1094,0.006008412755356139
1095,-0.003543498673516598
1096,0.014183330893340252
1097,-0.008534939432406477
1098,-0.004260855725355279
1099,0.013178300459938034
1100,-0.00988958917299401
1101,0.005099028761380283
1102,0.014536085619398805
1103,0.001639323103402366
1104,0.005680972925760129
1105,-0.016729782400936023
1106,0.0039679718220999565
1107,0.010086374630013792
1108,-0.00040205511448188183
1109,-0.0006772996978701981
1110,-0.0010758069244527137
1111,0.013613928618931187
1112,-0.012929960561583569
1113,-0.0010329549300696823
1114,0.00558955473912774
1115,-0.010210740351126752
1116,0.0013353306139286334
1117,0.01019511889588708
1118,-0.01859768548393337
1119,0.007964376983445333
1120,-0.011842364400872567
1121,0.0036809224215953126
1122,0.008443651208082867
1123,0.0011512172901442953
1124,0.002233361631261361
1125,-0.009257938771439194
1126,0.008460753887905218
1127,-0.009788607456892874
1128,0.007173750709390641
1129,-0.00100973830237961
1130,0.0013294542497499335
1131,-0.020191563823950615
1132,0.0020620395423663423
1133,0.0010989401213792086
1134,0.005001702822879389
1135,0.017910104569718508
1136,-0.0026140765599810736
1137,0.016312541097179216
1138,-0.0005751286446242188
1139,-0.014378064860975941
1140,-0.00492495905045698
1141,-0.0164688635686037
1142,0.012533224430483549
1143,0.010038666520578448
1144,-0.0028524153592975414
1145,0.004415934245944216
1146,0.008254985379738887
1147,0.012342787393934764
1148,0.00888585540963764
1149,0.00631844452432504
1150,0.005549856693097108
1151,0.0015986359929667639
1152,0.005533162931905533
1153,-0.008529305686101987
1154,0.002666296410845845
1155,-0.016007310687538277
1156,-0.006135407419349551
1157,-6.362715364954996e-05
1158,0.0021382362937424197
1159,-0.001605597881251715
1160,0.007823396983684438
1161,0.0040493405564853745
1162,-0.003360788091184267
1163,-0.007472604750509749
1164,-0.012924757659726446
1165,-0.011249640633822666
1166,-0.003495066271232943
1167,-0.011547545040756713
1168,0.002955816623439647
1169,0.010734947217390533
1170,-0.008041645913977451
1171,0.004084652194025405
1172,0.0024788232892091356
1173,0.003353648084839114
1174,-0.009854245971658113
1175,-0.007702486765194811
1176,0.0060194598553885235
1177,0.013629167957716716
1178,0.0008579376656355801
1179,-0.0064597414192472564
1180,0.00042943476296704617
1181,-0.00026919476936361226
1182,0.004824933105811604
1183,-5.787253425020264e-05
1184,-0.007855905640465738
1185,0.0006385093186725062
1186,-0.005934520315383858
1187,0.013860342701325419
1188,0.013518464722469077
1189,0.006245943555955358
1190,-0.0028115104954739936
1191,0.011056189220821971
1192,-0.030208261917727738
1193,0.0030053707217427552
1194,-0.015278631849055643
1195,0.006974544783655159
1196,-0.0006640262500627597
1197,0.003444625639849668
1198,0.0018657606573981385
1199,-0.0024180298091405835
1200,-0.02113573593713484
1201,-0.00035981551568696425
1202,0.006278963906222508
1203,0.004382914963388107
1204,0.005639256124434774
1205,0.014157511412883348
1206,-0.009513533252189876
1207,-0.0065679247853146355
1208,0.009021261911800438
1209,0.008952683467238907
1210,-0.00031563210194547413
1211,0.007076973891599829
1212,-0.0019181089907269278
1213,0.003793121069734992
1214,0.010149483228123299
1215,0.0029817613356693633
1216,0.000644876887592183
1217,0.0006930303611965175
1218,0.004722554231602314
1219,-0.001906051673860597
1220,0.0022650992445104054
1221,-0.019467084380842173
1222,-0.0031856481577840104
1223,-0.0013434251160676274
1224,0.0019511447171319544
1225,0.0020883676552218016
1226,0.002742263621085798
1227,-0.001166211832378427
1228,0.021064170998184396
1229,-0.010338617554501824
1230,0.009747945314336488
1231,-0.0030641137752563654
1232,-0.002918416692500155
1233,-0.016543712690748284
1234,-0.0002615794038787657
1235,0.0047186637718666475
1236,0.00030513714032724324
1237,0.0008270015459378123
1238,-0.011467890010742813
1239,0.0039059413507403565
1240,0.0058025854947688915
1241,0.005965314862843109
1242,0.003113149214696008
1243,0.001621773339538209
1244,0.003175190128051743
1245,-0.009451105282035552
1246,-0.009349646619893202
1247,0.009924864540306772
1248,-0.002814716905196859
1249,0.00429859445725565
1250,0.012292869281355069
1251,-0.0075805018921839065
1252,0.015245149785426532
1253,-0.008337981433097937
1254,-0.0031957404793489476
1255,-0.0013679776488089777
1256,0.001882517234109553
1257,0.0019793200167629414
1258,0.008992574892675052
1259,-0.007038598309007489
1260,0.01592134790264966
1261,0.011794570570373485
1262,0.0006261714209521819
1263,-0.007174097473948806
1264,0.009594616589529427
1265,-0.0036998399938837135
1266,0.0018263619946991313
1267,0.021080971131309165
1268,-0.01350724447710545
1269,-0.004258980991302951
1270,0.010130528113679373
1271,-0.005281584985165748
1272,0.014839430264069194
1273,-0.003374137488172993
1274,0.01420414426916714
1275,-0.00010439460854659935
1276,0.010274840903929156
1277,-0.0027654975181542305
1278,0.013480811566097964
1279,0.0036506071017269465
1280,-0.0002922807685519273
1281,0.03278982760908812
1282,0.004148561590797256
1283,0.0235394346662133
1284,-0.005382205738051267
1285,-0.013808144293121759
1286,-0.004366548621113296
1287,-0.013932118451842307
1288,-0.013576048623950567
1289,0.010298193609344038
1290,-0.009275783826373738
1291,-0.003612378220917017
1292,0.002238721057630711
1293,0.007956150317888731
1294,4.6025282042646807e-05
1295,-0.02715480936504858
1296,0.01162243448076902
1297,0.013942744573917074
1298,-0.006557586224863868
1299,0.01472701045506677
1300,0.01386504549354502
1301,-0.014472118523678251
1302,-0.004623509379043956
1303,-0.0036026829861576662
1304,0.012526752445369318
1305,0.018076063328684496
1306,-0.015782105631507493
1307,0.015262641461515057
1308,0.008666644501191246
1309,0.0028586012978139516
1310,0.011534609689951035
1311,0.0046714607749840376
1312,-0.012902134445540583
1313,0.0074696957602598205
1314,-0.007439703569533987
1315,0.016535236173661084
1316,0.00986052551468215
1317,0.02145986875597271
1318,0.0077758187920528654
1319,0.01877103218689332
1320,-0.005715954365122354
1321,0.007071673190505979
1322,-0.011446605006317553
1323,-0.010879968464380425
1324,0.004199299225930359
1325,0.0052741780351893645
1326,0.012168789331990896
1327,0.023523661162879923
1328,-0.012083029306944678
1329,-0.03765876376362819
1330,-0.01826106596100051
1331,0.0030375617979809654
1332,-0.0036112250802775823
1333,0.009541010485674408
1334,-0.004373209313916701
1335,-0.002953843571102048
1336,-0.0041832368079759855
1337,-0.0011617089364941444
1338,-0.01442381739521856
1339,-0.003478097483732306
1340,0.004171611092065579
1341,-0.008635863154541876
1342,0.004440890501951087
1343,-0.01658971077495483
1344,0.010370507494993627
1345,-0.007523724350929071
1346,0.02315591393277004
1347,0.018073671850388832
1348,-0.009196169807357287
1349,0.011666570690951734
1350,0.022390170845824932
1351,-0.0007484301844319455
1352,-0.010818426270211238
1353,-0.010713873558092482
1354,-0.01609663836969996
1355,0.00181168188259369
1356,0.010842738416907633
1357,0.016159629545227445
1358,0.026828311612002026
1359,-0.021976275246270653
1360,0.01652390931079578
1361,-0.04171671490535866
1362,-0.007546810734887758
1363,-0.02196369959730125
1364,0.005460203281567555
1365,-0.015939144179831916
1366,-0.0048645332417714335
1367,-0.010428356088956247
1368,-0.01360234479196199
1369,-0.013839210235936658
1370,-0.014133572106731251
1371,0.004965013070510739
1372,-0.0036764276091747344
1373,0.0022419314235256225
1374,-0.017136355550617013
1375,0.008474256468311004
1376,-0.023228412407438684
1377,0.0003848241517836872
1378,-0.005448762942709966
1379,0.008473617481402677
1380,0.013428422516191254
1381,-0.01382736470031546
1382,-0.018510741356831582
1383,0.009011928789759307
1384,0.00969528319366849
1385,-0.0024985750613286087
1386,0.005426963181201845
1387,0.0023934510847357197
1388,0.026250235578415364
1389,0.011067816129745982
1390,0.006178858309564005
1391,-0.007334241872638415
1392,0.0015083701690492878
1393,-0.001029752151403658
1394,0.010395238053864825
1395,0.0032132021694272496
1396,0.011196751977484737
1397,-0.013071859929477228
1398,-0.011951552122916822
1399,0.002977573440357931
1400,0.0012792702322172269
1401,-0.002794417552594228
1402,-0.0021032730993430526
1403,-0.009985571941931101
1404,-0.010631189734693694
1405,-0.01193017198547596
1406,-0.0019066429061513346
1407,-0.007281614836227782
1408,-0.019626792931869648
1409,0.0063824189284872246
1410,0.01667650903486482
1411,-0.009413261218914466
1412,0.009809800341166318
1413,-0.0035639837025228382
1414,-0.017684508265667677
1415,-0.003249071110174119
1416,-0.001214506392146268
1417,-0.008905197016252588
1418,-0.014801986051434898
1419,0.0014038210967021838
1420,-0.010089906477795948
1421,0.009146432150629599
1422,-0.018321699527361332
1423,-0.010583312361864777
1424,0.011212886641073515
1425,0.006763711536228488
1426,-0.00643981793001565
1427,0.001342116396375465
1428,0.008294615993511778
1429,0.00842692233146663
1430,0.0010235824350727256
1431,-0.0029973027469491704
1432,0.0061463424115628515
1433,0.008962768653003415
1434,0.004171395437948153
1435,0.0057858732474690925
1436,0.009835723317066052
1437,-0.0015306604495044244
1438,-0.01122036080248652
1439,-0.008051135121053677
1440,-0.0036532471428046215
1441,-0.001127541176694646
1442,0.003057430444215278
1443,0.007214529008950077
1444,-0.006744629804901076
1445,0.013968583289657768
1446,0.006704540965248772
1447,-0.008367466996687448
1448,0.010216306015228245
1449,-0.002205214858658478
1450,0.010145319477489464
1451,0.006314182035174755
1452,0.008194124385347943
1453,0.0035896216290505303
1454,-0.025323432985445055
1455,0.011246618715515
1456,0.005052602582428215
1457,-0.0006896674201138389
1458,0.006556471296441332
1459,0.00951262983733282
1460,0.016124357299597596
1461,-0.00865713034741554
1462,-0.020141387630163286
1463,0.00384739695264723
1464,0.0091701340589703
1465,-0.011823639681787365
1466,0.005187699750469936
1467,0.0012925215384964502
1468,0.0011362664431282788
1469,-0.0024279596683106433
1470,0.01388582650220771
1471,-0.01153260468916807
1472,-0.001289622304007647
1473,0.02181128045135576
1474,0.012237951239975009
1475,-0.0007060747602720037
1476,-0.003320649910551774
1477,0.001591676758744095
1478,0.0031117987026862254
1479,-0.0040909065032162725
1480,0.0030649532853528746
1481,-0.003282359336928143
1482,0.0034552832926631393
1483,0.008210763045784523
1484,-0.0037507028171080824
1485,-0.0007385570564817699
1486,0.002625671518633975
1487,2.7177118561985934e-05
1488,0.007206885903566851
1489,-0.018505942641878017
1490,-0.017105288220829837
1491,0.010585230852746354
1492,-0.004725994780618475
1493,0.0021284943626917728
1494,-0.001641040718060015
1495,0.005765240711528996
1496,0.0018694744665419107
1497,0.00626008123643648
1498,-0.0007936655393009772
1499,0.004543854233260655
1500,-0.004842627413630363
1501,0.0006682240691694542
1502,0.009060491001922263
1503,-0.006893448253433683
1504,-0.000226448987619126
1505,-0.0052119212129595315
1506,-0.000679027980930306
1507,-0.00600178387635761
1508,-0.014166609312066215
1509,0.009797199476111112
1510,0.011773061076515294
1511,0.009363020506331986
1512,-0.0006048163582083052
1513,0.002421887930410292
1514,-0.015201345630846541
1515,-0.0028836335980739255
1516,0.010216089533074148
1517,-0.0038572527526670314
1518,0.02487521610027925
1519,0.0021097731297359855
1520,-0.008910378297804703
1521,0.00011863863385883274
1522,0.011228609419507008
1523,-0.011671399916096175
1524,0.008720227241752301
1525,-0.009287146801939528
1526,0.006094546835203227
1527,-0.004933535257190779
1528,0.0005372644272236801
1529,0.007883752172862937
1530,0.00862317594085051
1531,-0.009972079762525989
1532,0.01681858636190919
1533,0.011530885005732197
1534,-0.012904405526878703
1535,-0.007726624659241829
1536,-0.00803597883374035
1537,0.013824909147249284
1538,0.0073664580338710225
1539,0.015472769088774437
1540,0.016286417313890987
1541,-0.004269224850216558
1542,-0.006833705307045883
1543,-0.011595009531193782
1544,0.007867856026212082
1545,-0.00923462554841176
1546,-0.017633773597114877
1547,-0.0033544412091062316
1548,-0.0007515351048935213
1549,-0.007563903675764143
1550,0.0017184627873520985
1551,0.014646930796156272
1552,0.008095821169865717
1553,-0.01683674061471296
1554,0.010005762601170708
1555,0.00556887856784874
1556,-0.0033313591273149853
1557,-0.013336423072605444
1558,-0.021573558953968282
1559,0.016127378944430962
1560,-0.01566012440107662
1561,0.008511407488294558
1562,0.0010739445357055202
1563,0.009283675840513001
1564,0.00268146644510909
1565,-0.010177003729151158
1566,-0.008696701469473265
1567,0.009445847860086206
1568,0.0013008753862104809
1569,0.0024021213166491953
1570,-5.694465875753875e-05
1571,0.014937515100582213
1572,0.002289862198173709
1573,0.012571957928712478
1574,-0.0134657930592449
1575,0.013208680444475372
1576,-0.00040044431979861745
1577,-0.0019162637668998447
1578,-0.0020096062768123197
1579,0.009924219680234266
1580,0.004145625143621211
1581,-0.006434012218803578
1582,-0.0006947944121361642
1583,-0.006844986513160994
1584,0.003364002894196796
1585,-0.006497473025577295
1586,-0.0018450433762687499
1587,0.0028557983173857016
1588,-0.0037049996249939173
1589,4.218881532349753e-05
1590,0.011498913005439228
1591,-0.004119431084129934
1592,0.01260653192510236
1593,-0.009096091451004132
1594,0.011397042835020715
1595,0.0015643084763276738
1596,0.0020590402536961733
1597,-0.0005000307651945416
1598,-0.015588172615865247
1599,0.00860454416095284
1600,-0.007630993556987878
1601,0.0018520920940066764
1602,-0.0011995382080877122
1603,0.0055780745023738445
1604,-0.012465980334631515
1605,-0.01456039179717921
1606,-0.00547547098846513
1607,0.0021371378508500487
1608,-0.00404672019140805
1609,0.004322417387037309
1610,-0.003045545813551627
1611,-0.01219868509163051
1612,-0.0040718454193321724
1613,-0.004429340392194413
1614,0.0006553196454493062
1615,0.0019875920051415307
1616,0.0016262551304065118
1617,-0.00045629050406167834
1618,0.0014225708507192205
1619,-0.005067792988501177
1620,-0.020707890667567813
1621,-0.009268046412747494
1622,0.002532237800021283
1623,0.006829227603994611
1624,0.018663888929182477
1625,-0.0023109941747953213
1626,-0.018528982085982415
1627,0.016789683601501355
1628,-0.004819996901022571
1629,-0.000889881539933091
1630,-0.018391588850421064
1631,-0.010380498940375599
1632,0.008260647879480667
1633,0.011553494929341537
1634,0.016352199965808934
1635,0.005063648470653374
1636,0.022467881428599252
1637,-0.0009413051695247336
1638,-0.017067575060900394
1639,0.00533703729338423
1640,-0.007776295169331919
1641,-0.021542872635891358
1642,-0.012127636545043398
1643,-0.00013795167287638485
1644,0.0010879683937502118
1645,-0.002875947089499127
1646,-0.00016833229057432614
1647,-0.02329223877157193
1648,0.01725643311729025
1649,-0.0015609398535819169
1650,0.004510553512613526
1651,0.014666971369525349
1652,0.010453836289988293
1653,-0.008388093248446363
1654,0.009374037153070787
1655,0.0057748115278984284
1656,0.0021760653811262872
1657,0.001024650492347984
1658,-0.02700543729204123
1659,-0.0049538438974233
1660,0.014809259712299554
1661,-0.010086085314742832
1662,-0.021356803567898472
1663,0.017850692495503216
1664,-0.01246185496568929
1665,0.009587695924651458
1666,-0.016997065366308996
1667,0.014941892821866075
1668,-0.016024225620757986
1669,-0.007501175294868533
1670,-0.00645933553530473
1671,-0.00671604127334157
1672,0.0020308557461437473
1673,-0.0031635183795227107
1674,0.002061624223278317
1675,-0.001606607709329867
1676,0.00620664356485466
1677,-0.007700381758133609
1678,-0.01766012857821326
1679,-0.0018465093055786235
1680,-0.003658457662584237
1681,0.015915809676073676
1682,-0.013001694402785651
1683,0.0013046102582240007
1684,-0.0019182200081351176
1685,-0.022756086829723958
1686,0.0006880148709692644
1687,0.005118199528062098
1688,0.008466965593115452
1689,0.004118771802970739
1690,0.006961534353534765
1691,0.0048791975171870615
1692,0.0014364564835219534
1693,-0.013144947892192525
1694,-0.0007767714430920312
1695,0.01975343068109604
1696,0.0016053728851030912
1697,0.01661729228903699
1698,0.0014326475747029048
1699,-0.009634946976824014
1700,-0.018153695054231946
1701,-0.008748981367261174
1702,-0.009677499796494765
1703,-0.0047993880211225195
1704,-0.005278743593870839
1705,0.002424475760896518
1706,0.003073875189485527
1707,0.004316001044555431
1708,-0.0005800547758164606
1709,0.008574423581728231
1710,-0.006918677476868747
1711,-0.0001942031562085845
1712,0.003166044230844978
1713,-0.005385663724211857
1714,0.01718067665914758
1715,0.013161987135219912
1716,0.0025974677953349377
1717,-0.0029983480371842826
1718,-0.004499195026832251
1719,-0.0018902123860494078
1720,0.0017043126944847008
1721,0.014457972203234153
1722,-0.003839530994899554
1723,0.014305532824071108
1724,0.004446487911274771
1725,0.0012767614860692748
1726,-0.000501267972633985
1727,-0.013047021632878393
1728,0.009660152577607184
1729,-0.002211271103485198
1730,-0.01899903388863939
1731,-0.006468411392710587
1732,0.0003395040658692004
1733,-0.0010172325188354
1734,0.016630795483672123
1735,-0.01286776179649312
1736,0.0030368624810434915
1737,0.005779832985493962
1738,0.00011345665479258374
1739,-0.0038903173549954023
1740,-0.012614693754684495
1741,-0.00624166416857627
1742,-0.0028783293295894046
1743,0.01778009031448849
1744,-0.006850152640338187
1745,0.0064669768840045225
1746,-0.013625325993861591
1747,0.004097563996053912
1748,-0.005920745357374776
1749,0.0011567320111070458
1750,0.0035490420863067062
1751,0.003275049612003921
1752,-0.001676813489468357
1753,0.008577440909047166
1754,-0.012103348639164594
1755,0.0010234266214980304
1756,0.01312621200374273
1757,-0.0006651268257267903
1758,0.006884889542446459
1759,-0.004323179499489914
1760,0.0019462044669588167
1761,0.0032083697701402207
1762,0.015352006458810616
1763,0.004710543703190822
1764,0.007023508118598161
1765,-0.0005766977791056572
1766,0.0002001380478819916
1767,0.014000341657958132
1768,-0.008570059378766141
1769,-0.012214512824081836
1770,-0.00015293581000458718
1771,0.00017802308134207134
1772,0.005091557557083914
1773,0.015534272177660135
1774,0.007732007975408116
1775,0.0042671716163748255
1776,-0.005063327770920411
1777,-0.004548898820401396
1778,-0.007971250901628943
1779,-0.01891840161035196
1780,-0.0061454334140221105
1781,0.008182128190655391
1782,-0.003322805071089476
1783,-0.007618840083881904
1784,-0.007177181956721439
1785,0.02117988604800599
1786,-0.004876719085674552
1787,-0.008259165598108286
1788,0.0060771728280809845
1789,-0.0031206227462826056
1790,0.013590409836998801
1791,0.01283317246933687
1792,-0.018748669234132855
1793,0.012508513769406584
1794,-0.011854601616482205
1795,0.0077328122175319295
1796,0.010171027281244036
1797,0.002119883184946781
1798,0.009213802842700135
1799,0.012144085376647252
1800,0.003673541512211753
1801,-0.0009818518000871104
1802,0.003007567091640356
1803,-0.0064167668193084865
1804,-0.0029667245750374526
1805,-0.003042212624644008
1806,-0.01867210635381787
1807,0.011593414212315873
1808,-0.007978687720183012
1809,0.006573771631620341
1810,0.002091454090398078
1811,0.009678310527638925
1812,-0.0014451850448318568
1813,-0.01177158174239998
1814,-0.0025166101864932604
1815,0.0022083938539079135
1816,-0.028336713613568567
1817,0.01163514270528232
1818,0.0063791402274519775
1819,-0.0016201618259988374
1820,-0.012586634847747337
1821,0.009434930362197705
1822,-0.007283419779760402
1823,-0.009761217176478182
1824,-0.001318560649029119
1825,0.002858406873805244
1826,-0.0009350852203903342
1827,0.0011172407283188705
1828,0.0033635235043796164
1829,-0.014515528117825154
1830,0.009798770141371385
1831,0.010644395855481418
1832,-0.007190181761748611
1833,0.015084922856267021
1834,-0.01273413146935995
1835,0.0003949876920268963
1836,-0.008075100548468309
1837,-0.00474218838297661
1838,0.010002137855779738
1839,0.005930344716489276
1840,0.003315132302797478
1841,-0.018084842066905398
1842,-0.002162733050282372
1843,-0.0017779879683822867
1844,-0.00687279363691732
1845,-0.0012409703858069897
1846,-0.0005660172549284775
1847,0.007354778154148977
1848,-0.006513387548621504
1849,-0.00012176088702077039
1850,-0.007375279979380271
1851,0.002637477680889791
1852,-0.00187372578979921
1853,-0.006983629528687387
1854,0.008812608160011247
1855,0.011430068750101281
1856,0.0037026926227143033
1857,0.008093190269014108
1858,0.008956692615442997
1859,0.000479167690709056
1860,-0.009962331296340724
1861,0.010879095432820934
1862,0.006932690081728711
1863,-0.007974930200953549
1864,-0.002093716271556855
1865,-0.0006703418891402024
1866,0.006856738012722452
1867,-0.011859358499920446
1868,0.005611419904290773
1869,0.014119796188679205
1870,0.018034699473923443
1871,0.01546675447983934
1872,0.0027534033579140068
1873,0.023427138222318712
1874,-0.011849623976567952
1875,-0.011505954011672854
1876,0.0031571440595871583
1877,-0.01584818032386817
1878,-0.00576936834539386
1879,0.011879821586721167
1880,0.0015313295673206545
1881,0.008443270849593685
1882,0.02380048649901467
1883,-0.004931283998748226
1884,0.007092665495434432
1885,-0.0002293937704065487
1886,0.004097139087395419
1887,0.0008247400519295213
1888,3.45824693237307e-05
1889,0.009086623704437587
1890,0.0022386698161995957
1891,0.01369892658303819
1892,-0.00763816253210877
1893,0.00568728537644819
1894,-0.007458654876980589
1895,0.004482992172951832
1896,0.00241263506953539
1897,-0.014678818033318611
1898,0.00044869591053140276
1899,-0.011219568522725064
1900,-0.008051787997745393
1901,0.009661296560343565
1902,-0.014570042765969227
1903,-0.024934243644059995
1904,-0.007853618312125887
1905,-0.0009033856208514439
1906,0.0015982571373910708
1907,-0.0021234644464338593
1908,0.008969692497306909
1909,0.008796481756641838
1910,0.011767635662111598
1911,-0.007621609376889428
1912,-0.014047684179864644
1913,0.016954140987814982
1914,0.0008530095397328709
1915,-0.0010832758922720137
1916,0.0012963598876786528
1917,-0.0073705654338125075
1918,-0.010091934876930195
1919,-0.011179960398274357
1920,-0.01338383651039964
1921,-0.008778875023678223
1922,0.006872674700223283
1923,0.013248136296565296
1924,-0.005402229047922851
1925,0.006294387851109084
1926,-0.002480750914615145
1927,-0.01506187211496633
1928,0.014289035309800472
1929,-0.0023404343707178797
1930,-0.0010973584583691338
1931,-0.0014535627863322728
1932,0.0014833543894909023
1933,0.004114422994064874
1934,-0.007021547585044367
1935,0.01747183455458252
1936,-0.007483378365600139
1937,-0.013388276506905824
1938,0.004732990463967528
1939,-0.002322397824468373
1940,0.0026585411663143685
1941,0.023454503455560678
1942,-0.024140225792222827
1943,-0.008785470792872575
1944,0.0051625135634512645
1945,0.0188940364653069
1946,0.004709648577430034
1947,0.008149059601787549
1948,0.022649394959680443
1949,0.0030888446558871496
1950,-0.001073567017389255
1951,0.007497787200429565
1952,-0.004855059009067264
1953,0.0029854378555457077
1954,0.006705603769985323
1955,0.009855282463293797
1956,-0.0061349440822009394
1957,-0.0010567920943203141
1958,0.0014055645092106548
1959,0.010567698480506732
1960,0.0033758151551633473
1961,0.023431402436947843
1962,-0.004965079066790493
1963,-0.01618360534920101
1964,0.006833125584260074
1965,0.018663600941880007
1966,0.0001237690255768868
1967,0.018262584869975326
1968,0.013860136979376308
1969,0.016786219456445452
1970,0.002415981588257471
1971,0.0014048127930502165
1972,-0.002146386862583585
1973,-0.010560337397793057
1974,-0.0014975129265148595
1975,-0.010942021600181689
1976,-0.0012551312680497662
1977,-0.01709555610935757
1978,0.00974543377955555
1979,0.002853044553002557
1980,0.010460773371958547
1981,-0.01600891456276893
1982,0.01057200133688913
1983,-0.00931360601426023
1984,0.008837457087535546
1985,-0.025820795161446697
1986,0.0016289996172647331
1987,0.0035167848471473204
1988,0.00577488528601609
1989,-0.004947673568827993
1990,-0.02046396888114817
1991,0.006127380633951712
1992,0.004240602376705674
1993,-0.014281357278427517
1994,0.009331928242162512
1995,0.00753895481256207
1996,-0.008040577091197341
1997,0.001828718142356288
1998,0.014839167202321686
1999,0.0018527106891323053
2000,-0.006863422813171598
2001,-0.0042544956568296545
2002,-0.016480133044103142
2003,0.023275396111036104
2004,-0.014318997187789983
2005,-0.0020378045575016827
2006,-0.0028855556521170606
2007,-0.0030432915525608877
2008,-0.0006717868455014928
2009,-0.004715696961983271
2010,-0.019386945156429535
2011,-0.00029082730738997547
2012,-0.007778619944368743
2013,-0.011609720688620918
2014,-0.0005086410930917905
2015,0.011890939314641556
2016,0.005398398352944888
2017,0.0021678488510223355
2018,-0.020150456104077702
2019,0.004761109196877383
2020,0.005552010275791128
2021,-0.015871189010075486
2022,0.0029518204586986853
2023,0.0015653593405884954
2024,-0.009183292591027292
2025,-0.01489945489462725
2026,0.02449469565206715
2027,-0.0011721874700504407
2028,-0.00422610957634309
2029,-0.005116551586970019
2030,0.0010849750395982548
2031,-0.008485707811177745
2032,0.006449731256736775
2033,0.0032598521586909546
2034,-0.013119526697472876
2035,0.00654938102187941
2036,0.016984588259153176
2037,-0.02383931166609225
2038,-0.00737838404610898
2039,-0.0034863920458332105
2040,0.0028376635169796247
2041,0.02178963705216583
2042,0.026571556320022987
2043,-0.025675000202466533
2044,-0.010337150162898103
2045,-0.00902649314395346
2046,-0.002315744171918322
2047,-0.013291343884903283
2048,0.025214970143641744
2049,-0.0313631936346071
2050,-0.010675379754820677
2051,-0.0026172940984808364
2052,0.0075536781557827585
2053,-0.023534073852163807
2054,-0.024829866082788372
2055,0.00014495494611956134
2056,0.013539380160589238
2057,-0.00497780205474405
2058,0.0063568017659205505
2059,0.0039520804133519015
2060,0.05017417998790466
2061,0.0010962165388775482
2062,-0.007513784814881765
2063,0.024944965145194193
2064,-0.010301554519797834
2065,0.0014333330129106864
2066,0.02160638411068983
2067,-0.007453030597622452
2068,0.004916090511373369
2069,-0.030104384696350985
2070,0.0014126449574410815
2071,0.04277085242560696
2072,-0.0076312872824905
2073,-0.026262298570881283
2074,0.0008022968719754013
2075,-0.016436885196032626
2076,-0.01545441933178
2077,-0.004966397339822063
2078,-0.01932482615325331
2079,-0.008529354081991744
2080,0.007961075840166186
2081,-0.024267689266947844
2082,0.0007641695167606908
2083,0.008925761958612036
2084,0.004803772559895206
2085,0.011262852503191229
2086,-0.02663418953553298
2087,0.010693350893016455
2088,0.01568521642111718
2089,-0.005781853736124386
2090,0.00883531524935281
2091,-0.02260787621224993
2092,-0.004773501963392181
2093,0.004526565427557125
2094,0.008180996321345781
2095,-0.0128585908223241
2096,0.01337779601670932
2097,-0.0076443079650666095
2098,-0.012986717269351772
2099,-0.005754139001507097
2100,-0.017262571227216174
2101,-0.0102845463938688
2102,0.011860159941106558
2103,0.00382605735991277
2104,-0.006243156959267884
2105,-0.0043263708735970996
2106,0.005601801124827844
2107,-0.001630143466215757
2108,0.009683973423460966
2109,-0.019381837997401934
2110,-0.014526110335151322
2111,0.007967419436174655
2112,0.006197088074593672
2113,-0.0022835060658726895
2114,-0.002990580534795785
2115,-0.005173034078854409
2116,0.009829438584327303
2117,-0.009506354434150216
2118,0.00053157424302489
2119,0.0045767520916771675
2120,0.004373973128931126
2121,-0.01908320368153178
2122,-0.00538022759720713
2123,-0.0026435997358194826
2124,0.013715396151278723
2125,-0.02407161870410392
2126,-0.008638318345458881
2127,-0.013796563656706578
2128,0.00355930117298452
2129,0.0014874761843061883
2130,0.006150186020406474
2131,-0.0029767684958974744
2132,0.0007354797227429991
2133,0.010804617045974855
2134,1.420891544818411e-05
2135,-0.0162880149515531
2136,-0.0057670730179792415
